### 498.【Flask数据库】join实现复杂查询[链接](http://wangkaixiang.cn/python-flask/di-liu-zhang-ff1a-sqlalchemy-shu-ju-ku/di-qi-jie-ff1a-sqlalchemy-de-orm-5.html)

### join：
* 1.join分为`left join`（左外连接）和`right join`（右外连接）以及`内连接（等值连接）`。
* 2.参考的网页：http://www.jb51.net/article/15386.htm
* 3.在sqlalchemy中，使用join来完成内连接。在写join的时候，如果不写join的条件，那么默认将
  使用外键来作为条件连接。
* 4.query查找出来什么值，不会取决于join后面的东西，而是取决于query方法中传了什么参数。就跟
原生sql中的select后面那一个一样。比如现在要实现一个功能，要查找所有用户，按照发表文章的数量
来进行排序。

### 数据库结构及示例数据
![avatar](../assets/61.png)

### join进行内连接查询
> select * from user join article on user.id = article.uid;
```sql
mysql> select * from user join article on user.id = article.uid;
+----+---------+---------------------+----+---------+---------------------+------+
| id | name    | create_time         | id | title   | create_time         | uid  |
+----+---------+---------------------+----+---------+---------------------+------+
|  1 | zhiliao | 2020-02-28 14:48:36 |  1 | title 0 | 2020-02-28 14:48:36 |    1 |
|  2 | ketang  | 2020-02-28 14:48:36 |  2 | title 1 | 2020-02-28 14:48:36 |    2 |
|  2 | ketang  | 2020-02-28 14:48:36 |  3 | title 2 | 2020-02-28 14:48:36 |    2 |
+----+---------+---------------------+----+---------+---------------------+------+
3 rows in set (0.01 sec)
```

### join进行内连接查询user.name及文章数量
> select user.name,count(article.id) from user join article on user.id=article.uid group by article.uid;
>
> select user.name,count(article.id) from user join article on user.id=article.uid group by user.id;
```sql
mysql> select * from user join article on user.id = article.uid;
+----+---------+---------------------+----+---------+---------------------+------+
| id | name    | create_time         | id | title   | create_time         | uid  |
+----+---------+---------------------+----+---------+---------------------+------+
|  1 | zhiliao | 2020-02-28 14:48:36 |  1 | title 0 | 2020-02-28 14:48:36 |    1 |
|  2 | ketang  | 2020-02-28 14:48:36 |  2 | title 1 | 2020-02-28 14:48:36 |    2 |
|  2 | ketang  | 2020-02-28 14:48:36 |  3 | title 2 | 2020-02-28 14:48:36 |    2 |
+----+---------+---------------------+----+---------+---------------------+------+
3 rows in set (0.00 sec)

mysql> select user.name,count(article.id) from user join article on user.id=article.uid;
+---------+-------------------+
| name    | count(article.id) |
+---------+-------------------+
| zhiliao |                 3 |
+---------+-------------------+
1 row in set (0.00 sec)

mysql> select user.name,count(article.id) from user join article on user.id=article.uid group by article.uid;
+---------+-------------------+
| name    | count(article.id) |
+---------+-------------------+
| zhiliao |                 1 |
| ketang  |                 2 |
+---------+-------------------+
2 rows in set (0.00 sec)

mysql> select user.name,count(article.id) from user join article on user.id=article.uid group by user.id;
+---------+-------------------+
| name    | count(article.id) |
+---------+-------------------+
| zhiliao |                 1 |
| ketang  |                 2 |
+---------+-------------------+
2 rows in set (0.00 sec)
```

### join进行内连接查询user.name及文章数量，根据文章数量进行倒序排序
> select user.name,count(article.id) as article_count from user join article on user.id=article.uid group by user.id order by article_count desc;
```sql
mysql> select * from user join article on user.id = article.uid;
+----+---------+---------------------+----+---------+---------------------+------+
| id | name    | create_time         | id | title   | create_time         | uid  |
+----+---------+---------------------+----+---------+---------------------+------+
|  1 | zhiliao | 2020-02-28 14:48:36 |  1 | title 0 | 2020-02-28 14:48:36 |    1 |
|  2 | ketang  | 2020-02-28 14:48:36 |  2 | title 1 | 2020-02-28 14:48:36 |    2 |
|  2 | ketang  | 2020-02-28 14:48:36 |  3 | title 2 | 2020-02-28 14:48:36 |    2 |
+----+---------+---------------------+----+---------+---------------------+------+
3 rows in set (0.00 sec)

mysql> select user.name,count(article.id) as article_count from user join article on user.id=article.uid group by user.id;
+---------+---------------+
| name    | article_count |
+---------+---------------+
| zhiliao |             1 |
| ketang  |             2 |
+---------+---------------+
2 rows in set (0.00 sec)

mysql> select user.name,count(article.id) as article_count from user join article on user.id=article.uid group by user.id order by article_count desc;
+---------+---------------+
| name    | article_count |
+---------+---------------+
| ketang  |             2 |
| zhiliao |             1 |
+---------+---------------+
2 rows in set (0.00 sec)
```

### join内连接
> 查找所有用户，按照发表文章的数量来进行排序。
```text
# TODO: 1.join进行内连接查询user.name及文章数量，根据文章数量进行倒序排序
# sql: TODO:  select user.name,count(article.id) as article_count from user join article on user.id=article.uid group by user.id order by article_count desc;
result = session.query(User.name, func.count(Article.id)).join(Article, User.id == Article.uid).group_by(User.id).order_by(func.count(Article.id).desc()).all()
print(result)   # TODO: [('ketang', 2), ('zhiliao', 1)]
```

### 全部代码示例
```python
from sqlalchemy import create_engine, Column, Integer, String, ForeignKey, DATETIME, func
from sqlalchemy.ext.declarative import declarative_base
from sqlalchemy.orm import sessionmaker, relationship, backref
from datetime import datetime

# TODO: db_uri
# dialect+driver://username:password@host:port/database?charset=utf8
DB_URI = 'mysql+pymysql://root:root123@127.0.0.1:3300/first_sqlalchemy?charset=utf8'

engine = create_engine(DB_URI)

Base = declarative_base(bind=engine)

session = sessionmaker(bind=engine)()


# TODO: 定义User模型
class User(Base):
    __tablename__ = 'user'
    id = Column(Integer, primary_key=True, autoincrement=True)
    name = Column(String(50), nullable=False)
    create_time = Column(DATETIME, default=datetime.now)


# TODO: 定义Article模型
class Article(Base):
    __tablename__ = 'article'
    id = Column(Integer, primary_key=True, autoincrement=True)
    title = Column(String(50), nullable=False)
    create_time = Column(DATETIME, default=datetime.now)
    # TODO: 外键约束
    uid = Column(Integer, ForeignKey('user.id'))

    authors = relationship('User', backref=backref('articles', uselist=True), uselist=False)


# TODO: 删除数据表后创建数据表
# Base.metadata.drop_all()
# Base.metadata.create_all()

# TODO: 添加测试数据
# user1 = User(name='zhiliao')
# user2 = User(name='ketang')

# TODO: user1 一篇文章
# for x in range(1):
#     article = Article(title='title %s' % x)
#     article.authors = user1
#     session.add(article)
# session.commit()

# TODO: user2 两篇文章
# for x in range(1, 3):
#     article = Article(title='title %s' % x)
#     article.authors = user2
#     session.add(article)
# session.commit()


# TODO: 1.join进行内连接查询user.name及文章数量，根据文章数量进行倒序排序
# sql: TODO:  select user.name,count(article.id) as article_count from user join article on user.id=article.uid group by user.id order by article_count desc;
result = session.query(User.name, func.count(Article.id)).join(Article, User.id == Article.uid).group_by(User.id).order_by(func.count(Article.id).desc()).all()
print(result)   # TODO: [('ketang', 2), ('zhiliao', 1)]
```